pc_number,pc_name,pc_name_source,pc_reserved_category,ac_number,ac_name,ac_name_source,ac_reserved_category,source_document,source_reference,source_page,verification_status
1,Araku,ARAKU,ST,10,Palakonda (ST),Palakonda (ST),ST,"Delimitation of Parliamentary and Assembly Constituencies Order, 2008 — Schedule III",https://www.eci.gov.in/Documents/Delimitation/DelimitationofParliamentaryAssemblyConstituenciesOrder-2008%28English%29.pdf,30,official_source_derived
1,Araku,ARAKU,ST,11,Kurupam (ST),Kurupam (ST),ST,"Delimitation of Parliamentary and Assembly Constituencies Order, 2008 — Schedule III",https://www.eci.gov.in/Documents/Delimitation/DelimitationofParliamentaryAssemblyConstituenciesOrder-2008%28English%29.pdf,30,official_source_derived
1,Araku,ARAKU,ST,12,Parvathipuram (SC),Parvathipuram (SC),SC,"Delimitation of Parliamentary and Assembly Constituencies Order, 2008 — Schedule III",https://www.eci.gov.in/Documents/Delimitation/DelimitationofParliamentaryAssemblyConstituenciesOrder-2008%28English%29.pdf,30,official_source_derived
1,Araku,ARAKU,ST,13,Salur (ST),Salur (ST),ST,"Delimitation of Parliamentary and Assembly Constituencies Order, 2008 — Schedule III",https://www.eci.gov.in/Documents/Delimitation/DelimitationofParliamentaryAssemblyConstituenciesOrder-2008%28English%29.pdf,30,official_source_derived
1,Araku,ARAKU,ST,28,Araku Valley (ST),Araku Valley (ST),ST,"Delimitation of Parliamentary and Assembly Constituencies Order, 2008 — Schedule III",https://www.eci.gov.in/Documents/Delimitation/DelimitationofParliamentaryAssemblyConstituenciesOrder-2008%28English%29.pdf,30,official_source_derived
1,Araku,ARAKU,ST,29,Paderu (ST),Paderu (ST),ST,"Delimitation of Parliamentary and Assembly Constituencies Order, 2008 — Schedule III",https://www.eci.gov.in/Documents/Delimitation/DelimitationofParliamentaryAssemblyConstituenciesOrder-2008%28English%29.pdf,30,official_source_derived
1,Araku,ARAKU,ST,53,Rampachodavaram (ST),Rampachodavaram (ST),ST,"Delimitation of Parliamentary and Assembly Constituencies Order, 2008 — Schedule III",https://www.eci.gov.in/Documents/Delimitation/DelimitationofParliamentaryAssemblyConstituenciesOrder-2008%28English%29.pdf,30,official_source_derived
2,Srikakulam,SRIKAKULAM,NONE,1,Ichchapuram,Ichchapuram,NONE,"Delimitation of Parliamentary and Assembly Constituencies Order, 2008 — Schedule III",https://www.eci.gov.in/Documents/Delimitation/DelimitationofParliamentaryAssemblyConstituenciesOrder-2008%28English%29.pdf,30,official_source_derived
2,Srikakulam,SRIKAKULAM,NONE,2,Palasa,Palasa,NONE,"Delimitation of Parliamentary and Assembly Constituencies Order, 2008 — Schedule III",https://www.eci.gov.in/Documents/Delimitation/DelimitationofParliamentaryAssemblyConstituenciesOrder-2008%28English%29.pdf,30,official_source_derived
2,Srikakulam,SRIKAKULAM,NONE,3,Tekkali,Tekkali,NONE,"Delimitation of Parliamentary and Assembly Constituencies Order, 2008 — Schedule III",https://www.eci.gov.in/Documents/Delimitation/DelimitationofParliamentaryAssemblyConstituenciesOrder-2008%28English%29.pdf,30,official_source_derived
2,Srikakulam,SRIKAKULAM,NONE,4,Pathapatnam,Pathapatnam,NONE,"Delimitation of Parliamentary and Assembly Constituencies Order, 2008 — Schedule III",https://www.eci.gov.in/Documents/Delimitation/DelimitationofParliamentaryAssemblyConstituenciesOrder-2008%28English%29.pdf,30,official_source_derived
2,Srikakulam,SRIKAKULAM,NONE,5,Srikakulam,Srikakulam,NONE,"Delimitation of Parliamentary and Assembly Constituencies Order, 2008 — Schedule III",https://www.eci.gov.in/Documents/Delimitation/DelimitationofParliamentaryAssemblyConstituenciesOrder-2008%28English%29.pdf,30,official_source_derived
2,Srikakulam,SRIKAKULAM,NONE,6,Amadalavalasa,Amadalavalasa,NONE,"Delimitation of Parliamentary and Assembly Constituencies Order, 2008 — Schedule III",https://www.eci.gov.in/Documents/Delimitation/DelimitationofParliamentaryAssemblyConstituenciesOrder-2008%28English%29.pdf,30,official_source_derived
2,Srikakulam,SRIKAKULAM,NONE,8,Narasannapeta,Narasannapeta,NONE,"Delimitation of Parliamentary and Assembly Constituencies Order, 2008 — Schedule III",https://www.eci.gov.in/Documents/Delimitation/DelimitationofParliamentaryAssemblyConstituenciesOrder-2008%28English%29.pdf,30,official_source_derived
3,Vizianagaram,VIZIANAGARAM,NONE,7,Etcherla,Etcherla,NONE,"Delimitation of Parliamentary and Assembly Constituencies Order, 2008 — Schedule III",https://www.eci.gov.in/Documents/Delimitation/DelimitationofParliamentaryAssemblyConstituenciesOrder-2008%28English%29.pdf,30,official_source_derived
3,Vizianagaram,VIZIANAGARAM,NONE,9,Rajam (SC),Rajam (SC),SC,"Delimitation of Parliamentary and Assembly Constituencies Order, 2008 — Schedule III",https://www.eci.gov.in/Documents/Delimitation/DelimitationofParliamentaryAssemblyConstituenciesOrder-2008%28English%29.pdf,30,official_source_derived
3,Vizianagaram,VIZIANAGARAM,NONE,14,Bobbili,Bobbili,NONE,"Delimitation of Parliamentary and Assembly Constituencies Order, 2008 — Schedule III",https://www.eci.gov.in/Documents/Delimitation/DelimitationofParliamentaryAssemblyConstituenciesOrder-2008%28English%29.pdf,30,official_source_derived
3,Vizianagaram,VIZIANAGARAM,NONE,15,Cheepurupalli,Cheepurupalli,NONE,"Delimitation of Parliamentary and Assembly Constituencies Order, 2008 — Schedule III",https://www.eci.gov.in/Documents/Delimitation/DelimitationofParliamentaryAssemblyConstituenciesOrder-2008%28English%29.pdf,30,official_source_derived
3,Vizianagaram,VIZIANAGARAM,NONE,16,Gajapathinagaram,Gajapathinagaram,NONE,"Delimitation of Parliamentary and Assembly Constituencies Order, 2008 — Schedule III",https://www.eci.gov.in/Documents/Delimitation/DelimitationofParliamentaryAssemblyConstituenciesOrder-2008%28English%29.pdf,30,official_source_derived
3,Vizianagaram,VIZIANAGARAM,NONE,17,Nellimarla,Nellimarla,NONE,"Delimitation of Parliamentary and Assembly Constituencies Order, 2008 — Schedule III",https://www.eci.gov.in/Documents/Delimitation/DelimitationofParliamentaryAssemblyConstituenciesOrder-2008%28English%29.pdf,30,official_source_derived
3,Vizianagaram,VIZIANAGARAM,NONE,18,Vizianagaram,Vizianagaram,NONE,"Delimitation of Parliamentary and Assembly Constituencies Order, 2008 — Schedule III",https://www.eci.gov.in/Documents/Delimitation/DelimitationofParliamentaryAssemblyConstituenciesOrder-2008%28English%29.pdf,30,official_source_derived
4,Visakhapatnam,VISAKHAPATNAM,NONE,19,Srungavarapukota,Srungavarapukota,NONE,"Delimitation of Parliamentary and Assembly Constituencies Order, 2008 — Schedule III",https://www.eci.gov.in/Documents/Delimitation/DelimitationofParliamentaryAssemblyConstituenciesOrder-2008%28English%29.pdf,30,official_source_derived
4,Visakhapatnam,VISAKHAPATNAM,NONE,20,Bhimili,Bhimili,NONE,"Delimitation of Parliamentary and Assembly Constituencies Order, 2008 — Schedule III",https://www.eci.gov.in/Documents/Delimitation/DelimitationofParliamentaryAssemblyConstituenciesOrder-2008%28English%29.pdf,30,official_source_derived
4,Visakhapatnam,VISAKHAPATNAM,NONE,21,Visakhapatnam East,Visakhapatnam East,NONE,"Delimitation of Parliamentary and Assembly Constituencies Order, 2008 — Schedule III",https://www.eci.gov.in/Documents/Delimitation/DelimitationofParliamentaryAssemblyConstituenciesOrder-2008%28English%29.pdf,30,official_source_derived
4,Visakhapatnam,VISAKHAPATNAM,NONE,22,Visakhapatnam South,Visakhapatnam South,NONE,"Delimitation of Parliamentary and Assembly Constituencies Order, 2008 — Schedule III",https://www.eci.gov.in/Documents/Delimitation/DelimitationofParliamentaryAssemblyConstituenciesOrder-2008%28English%29.pdf,30,official_source_derived
4,Visakhapatnam,VISAKHAPATNAM,NONE,23,Visakhapatnam North,Visakhapatnam North,NONE,"Delimitation of Parliamentary and Assembly Constituencies Order, 2008 — Schedule III",https://www.eci.gov.in/Documents/Delimitation/DelimitationofParliamentaryAssemblyConstituenciesOrder-2008%28English%29.pdf,30,official_source_derived
4,Visakhapatnam,VISAKHAPATNAM,NONE,24,Visakhapatnam West,Visakhapatnam West,NONE,"Delimitation of Parliamentary and Assembly Constituencies Order, 2008 — Schedule III",https://www.eci.gov.in/Documents/Delimitation/DelimitationofParliamentaryAssemblyConstituenciesOrder-2008%28English%29.pdf,30,official_source_derived
4,Visakhapatnam,VISAKHAPATNAM,NONE,25,Gajuwaka,Gajuwaka,NONE,"Delimitation of Parliamentary and Assembly Constituencies Order, 2008 — Schedule III",https://www.eci.gov.in/Documents/Delimitation/DelimitationofParliamentaryAssemblyConstituenciesOrder-2008%28English%29.pdf,30,official_source_derived
5,Anakapalle,ANAKAPALLE,NONE,26,Chodavaram,Chodavaram,NONE,"Delimitation of Parliamentary and Assembly Constituencies Order, 2008 — Schedule III",https://www.eci.gov.in/Documents/Delimitation/DelimitationofParliamentaryAssemblyConstituenciesOrder-2008%28English%29.pdf,30,official_source_derived
5,Anakapalle,ANAKAPALLE,NONE,27,Madugula,Madugula,NONE,"Delimitation of Parliamentary and Assembly Constituencies Order, 2008 — Schedule III",https://www.eci.gov.in/Documents/Delimitation/DelimitationofParliamentaryAssemblyConstituenciesOrder-2008%28English%29.pdf,30,official_source_derived
5,Anakapalle,ANAKAPALLE,NONE,30,Anakapalle,Anakapalle,NONE,"Delimitation of Parliamentary and Assembly Constituencies Order, 2008 — Schedule III",https://www.eci.gov.in/Documents/Delimitation/DelimitationofParliamentaryAssemblyConstituenciesOrder-2008%28English%29.pdf,30,official_source_derived
5,Anakapalle,ANAKAPALLE,NONE,31,Pendurthi,Pendurthi,NONE,"Delimitation of Parliamentary and Assembly Constituencies Order, 2008 — Schedule III",https://www.eci.gov.in/Documents/Delimitation/DelimitationofParliamentaryAssemblyConstituenciesOrder-2008%28English%29.pdf,30,official_source_derived
5,Anakapalle,ANAKAPALLE,NONE,32,Yelamanchili,Yelamanchili,NONE,"Delimitation of Parliamentary and Assembly Constituencies Order, 2008 — Schedule III",https://www.eci.gov.in/Documents/Delimitation/DelimitationofParliamentaryAssemblyConstituenciesOrder-2008%28English%29.pdf,30,official_source_derived
5,Anakapalle,ANAKAPALLE,NONE,33,Payakaraopet (SC),Payakaraopet (SC),SC,"Delimitation of Parliamentary and Assembly Constituencies Order, 2008 — Schedule III",https://www.eci.gov.in/Documents/Delimitation/DelimitationofParliamentaryAssemblyConstituenciesOrder-2008%28English%29.pdf,30,official_source_derived
5,Anakapalle,ANAKAPALLE,NONE,34,Narsipatnam,Narsipatnam,NONE,"Delimitation of Parliamentary and Assembly Constituencies Order, 2008 — Schedule III",https://www.eci.gov.in/Documents/Delimitation/DelimitationofParliamentaryAssemblyConstituenciesOrder-2008%28English%29.pdf,30,official_source_derived
6,Kakinada,KAKINADA,NONE,35,Tuni,Tuni,NONE,"Delimitation of Parliamentary and Assembly Constituencies Order, 2008 — Schedule III",https://www.eci.gov.in/Documents/Delimitation/DelimitationofParliamentaryAssemblyConstituenciesOrder-2008%28English%29.pdf,30,official_source_derived
6,Kakinada,KAKINADA,NONE,36,Prathipadu,Prathipadu,NONE,"Delimitation of Parliamentary and Assembly Constituencies Order, 2008 — Schedule III",https://www.eci.gov.in/Documents/Delimitation/DelimitationofParliamentaryAssemblyConstituenciesOrder-2008%28English%29.pdf,30,official_source_derived
6,Kakinada,KAKINADA,NONE,37,Pithapuram,Pithapuram,NONE,"Delimitation of Parliamentary and Assembly Constituencies Order, 2008 — Schedule III",https://www.eci.gov.in/Documents/Delimitation/DelimitationofParliamentaryAssemblyConstituenciesOrder-2008%28English%29.pdf,30,official_source_derived
6,Kakinada,KAKINADA,NONE,38,Kakinada Rural,Kakinada Rural,NONE,"Delimitation of Parliamentary and Assembly Constituencies Order, 2008 — Schedule III",https://www.eci.gov.in/Documents/Delimitation/DelimitationofParliamentaryAssemblyConstituenciesOrder-2008%28English%29.pdf,30,official_source_derived
6,Kakinada,KAKINADA,NONE,39,Peddapuram,Peddapuram,NONE,"Delimitation of Parliamentary and Assembly Constituencies Order, 2008 — Schedule III",https://www.eci.gov.in/Documents/Delimitation/DelimitationofParliamentaryAssemblyConstituenciesOrder-2008%28English%29.pdf,30,official_source_derived
6,Kakinada,KAKINADA,NONE,40,Anaparthy,Anaparthy,NONE,"Delimitation of Parliamentary and Assembly Constituencies Order, 2008 — Schedule III",https://www.eci.gov.in/Documents/Delimitation/DelimitationofParliamentaryAssemblyConstituenciesOrder-2008%28English%29.pdf,30,official_source_derived
6,Kakinada,KAKINADA,NONE,41,Kakinada City,Kakinada City,NONE,"Andhra Pradesh Reorganisation Act, 2014 — Second Schedule, Table B",https://upload.indiacode.nic.in/showfile?actid=AC_CEN_5_5_00058_201406_1517807327989&filename=201406.pdf&type=actfile,41,official_source_derived
6,Kakinada,KAKINADA,NONE,52,Jaggampeta,Jaggampeta,NONE,"Delimitation of Parliamentary and Assembly Constituencies Order, 2008 — Schedule III",https://www.eci.gov.in/Documents/Delimitation/DelimitationofParliamentaryAssemblyConstituenciesOrder-2008%28English%29.pdf,30,official_source_derived
7,Amalapuram,AMALAPURAM,SC,42,Ramachandrapuram,Ramachandrapuram,NONE,"Delimitation of Parliamentary and Assembly Constituencies Order, 2008 — Schedule III",https://www.eci.gov.in/Documents/Delimitation/DelimitationofParliamentaryAssemblyConstituenciesOrder-2008%28English%29.pdf,30,official_source_derived
7,Amalapuram,AMALAPURAM,SC,43,Mummidivaram,Mummidivaram,NONE,"Delimitation of Parliamentary and Assembly Constituencies Order, 2008 — Schedule III",https://www.eci.gov.in/Documents/Delimitation/DelimitationofParliamentaryAssemblyConstituenciesOrder-2008%28English%29.pdf,30,official_source_derived
7,Amalapuram,AMALAPURAM,SC,44,Amalapuram (SC),Amalapuram (SC),SC,"Delimitation of Parliamentary and Assembly Constituencies Order, 2008 — Schedule III",https://www.eci.gov.in/Documents/Delimitation/DelimitationofParliamentaryAssemblyConstituenciesOrder-2008%28English%29.pdf,30,official_source_derived
7,Amalapuram,AMALAPURAM,SC,45,Razole (SC),Razole (SC),SC,"Delimitation of Parliamentary and Assembly Constituencies Order, 2008 — Schedule III",https://www.eci.gov.in/Documents/Delimitation/DelimitationofParliamentaryAssemblyConstituenciesOrder-2008%28English%29.pdf,30,official_source_derived
7,Amalapuram,AMALAPURAM,SC,46,Gannavaram (SC),Gannavaram (SC),SC,"Delimitation of Parliamentary and Assembly Constituencies Order, 2008 — Schedule III",https://www.eci.gov.in/Documents/Delimitation/DelimitationofParliamentaryAssemblyConstituenciesOrder-2008%28English%29.pdf,30,official_source_derived
7,Amalapuram,AMALAPURAM,SC,47,Kothapeta,Kothapeta,NONE,"Delimitation of Parliamentary and Assembly Constituencies Order, 2008 — Schedule III",https://www.eci.gov.in/Documents/Delimitation/DelimitationofParliamentaryAssemblyConstituenciesOrder-2008%28English%29.pdf,30,official_source_derived
7,Amalapuram,AMALAPURAM,SC,48,Mandapeta,Mandapeta,NONE,"Delimitation of Parliamentary and Assembly Constituencies Order, 2008 — Schedule III",https://www.eci.gov.in/Documents/Delimitation/DelimitationofParliamentaryAssemblyConstituenciesOrder-2008%28English%29.pdf,30,official_source_derived
8,Rajahmundry,RAJAHMUNDRY,NONE,49,Rajanagaram,Rajanagaram,NONE,"Delimitation of Parliamentary and Assembly Constituencies Order, 2008 — Schedule III",https://www.eci.gov.in/Documents/Delimitation/DelimitationofParliamentaryAssemblyConstituenciesOrder-2008%28English%29.pdf,30,official_source_derived
8,Rajahmundry,RAJAHMUNDRY,NONE,50,Rajahmundry City,Rajahmundry City,NONE,"Delimitation of Parliamentary and Assembly Constituencies Order, 2008 — Schedule III",https://www.eci.gov.in/Documents/Delimitation/DelimitationofParliamentaryAssemblyConstituenciesOrder-2008%28English%29.pdf,30,official_source_derived
8,Rajahmundry,RAJAHMUNDRY,NONE,51,Rajahmundry Rural,Rajahmundry Rural,NONE,"Delimitation of Parliamentary and Assembly Constituencies Order, 2008 — Schedule III",https://www.eci.gov.in/Documents/Delimitation/DelimitationofParliamentaryAssemblyConstituenciesOrder-2008%28English%29.pdf,30,official_source_derived
8,Rajahmundry,RAJAHMUNDRY,NONE,54,Kovvur (SC),Kovvur (SC),SC,"Delimitation of Parliamentary and Assembly Constituencies Order, 2008 — Schedule III",https://www.eci.gov.in/Documents/Delimitation/DelimitationofParliamentaryAssemblyConstituenciesOrder-2008%28English%29.pdf,30,official_source_derived
8,Rajahmundry,RAJAHMUNDRY,NONE,55,Nidadavole,Nidadavole,NONE,"Delimitation of Parliamentary and Assembly Constituencies Order, 2008 — Schedule III",https://www.eci.gov.in/Documents/Delimitation/DelimitationofParliamentaryAssemblyConstituenciesOrder-2008%28English%29.pdf,30,official_source_derived
8,Rajahmundry,RAJAHMUNDRY,NONE,66,Gopalapuram (SC),Gopalapuram (SC),SC,"Delimitation of Parliamentary and Assembly Constituencies Order, 2008 — Schedule III",https://www.eci.gov.in/Documents/Delimitation/DelimitationofParliamentaryAssemblyConstituenciesOrder-2008%28English%29.pdf,30,official_source_derived
9,Narsapuram,NARSAPURAM,NONE,56,Achanta,Achanta,NONE,"Delimitation of Parliamentary and Assembly Constituencies Order, 2008 — Schedule III",https://www.eci.gov.in/Documents/Delimitation/DelimitationofParliamentaryAssemblyConstituenciesOrder-2008%28English%29.pdf,30,official_source_derived
9,Narsapuram,NARSAPURAM,NONE,57,Palacole,Palacole,NONE,"Delimitation of Parliamentary and Assembly Constituencies Order, 2008 — Schedule III",https://www.eci.gov.in/Documents/Delimitation/DelimitationofParliamentaryAssemblyConstituenciesOrder-2008%28English%29.pdf,30,official_source_derived
9,Narsapuram,NARSAPURAM,NONE,58,Narasapuram,Narasapuram,NONE,"Delimitation of Parliamentary and Assembly Constituencies Order, 2008 — Schedule III",https://www.eci.gov.in/Documents/Delimitation/DelimitationofParliamentaryAssemblyConstituenciesOrder-2008%28English%29.pdf,30,official_source_derived
9,Narsapuram,NARSAPURAM,NONE,59,Bhimavaram,Bhimavaram,NONE,"Delimitation of Parliamentary and Assembly Constituencies Order, 2008 — Schedule III",https://www.eci.gov.in/Documents/Delimitation/DelimitationofParliamentaryAssemblyConstituenciesOrder-2008%28English%29.pdf,30,official_source_derived
9,Narsapuram,NARSAPURAM,NONE,60,Undi,Undi,NONE,"Delimitation of Parliamentary and Assembly Constituencies Order, 2008 — Schedule III",https://www.eci.gov.in/Documents/Delimitation/DelimitationofParliamentaryAssemblyConstituenciesOrder-2008%28English%29.pdf,30,official_source_derived
9,Narsapuram,NARSAPURAM,NONE,61,Tanuku,Tanuku,NONE,"Delimitation of Parliamentary and Assembly Constituencies Order, 2008 — Schedule III",https://www.eci.gov.in/Documents/Delimitation/DelimitationofParliamentaryAssemblyConstituenciesOrder-2008%28English%29.pdf,30,official_source_derived
9,Narsapuram,NARSAPURAM,NONE,62,Tadepalligudem,Tadepalligudem,NONE,"Delimitation of Parliamentary and Assembly Constituencies Order, 2008 — Schedule III",https://www.eci.gov.in/Documents/Delimitation/DelimitationofParliamentaryAssemblyConstituenciesOrder-2008%28English%29.pdf,30,official_source_derived
10,Eluru,ELURU,NONE,63,Unguturu,Unguturu,NONE,"Delimitation of Parliamentary and Assembly Constituencies Order, 2008 — Schedule III",https://www.eci.gov.in/Documents/Delimitation/DelimitationofParliamentaryAssemblyConstituenciesOrder-2008%28English%29.pdf,30,official_source_derived
10,Eluru,ELURU,NONE,64,Denduluru,Denduluru,NONE,"Delimitation of Parliamentary and Assembly Constituencies Order, 2008 — Schedule III",https://www.eci.gov.in/Documents/Delimitation/DelimitationofParliamentaryAssemblyConstituenciesOrder-2008%28English%29.pdf,30,official_source_derived
10,Eluru,ELURU,NONE,65,Eluru,Eluru,NONE,"Delimitation of Parliamentary and Assembly Constituencies Order, 2008 — Schedule III",https://www.eci.gov.in/Documents/Delimitation/DelimitationofParliamentaryAssemblyConstituenciesOrder-2008%28English%29.pdf,30,official_source_derived
10,Eluru,ELURU,NONE,67,Polavaram (ST),Polavaram (ST),ST,"Delimitation of Parliamentary and Assembly Constituencies Order, 2008 — Schedule III",https://www.eci.gov.in/Documents/Delimitation/DelimitationofParliamentaryAssemblyConstituenciesOrder-2008%28English%29.pdf,30,official_source_derived
10,Eluru,ELURU,NONE,68,Chintalapudi (SC),Chintalapudi (SC),SC,"Delimitation of Parliamentary and Assembly Constituencies Order, 2008 — Schedule III",https://www.eci.gov.in/Documents/Delimitation/DelimitationofParliamentaryAssemblyConstituenciesOrder-2008%28English%29.pdf,30,official_source_derived
10,Eluru,ELURU,NONE,70,Nuzvid,Nuzvid,NONE,"Delimitation of Parliamentary and Assembly Constituencies Order, 2008 — Schedule III",https://www.eci.gov.in/Documents/Delimitation/DelimitationofParliamentaryAssemblyConstituenciesOrder-2008%28English%29.pdf,30,official_source_derived
10,Eluru,ELURU,NONE,73,Kaikalur,Kaikalur,NONE,"Delimitation of Parliamentary and Assembly Constituencies Order, 2008 — Schedule III",https://www.eci.gov.in/Documents/Delimitation/DelimitationofParliamentaryAssemblyConstituenciesOrder-2008%28English%29.pdf,30,official_source_derived
11,Machilipatnam,MACHILIPATNAM,NONE,71,Gannavaram,Gannavaram,NONE,"Delimitation of Parliamentary and Assembly Constituencies Order, 2008 — Schedule III",https://www.eci.gov.in/Documents/Delimitation/DelimitationofParliamentaryAssemblyConstituenciesOrder-2008%28English%29.pdf,31,official_source_derived
11,Machilipatnam,MACHILIPATNAM,NONE,72,Gudivada,Gudivada,NONE,"Delimitation of Parliamentary and Assembly Constituencies Order, 2008 — Schedule III",https://www.eci.gov.in/Documents/Delimitation/DelimitationofParliamentaryAssemblyConstituenciesOrder-2008%28English%29.pdf,31,official_source_derived
11,Machilipatnam,MACHILIPATNAM,NONE,74,Pedana,Pedana,NONE,"Delimitation of Parliamentary and Assembly Constituencies Order, 2008 — Schedule III",https://www.eci.gov.in/Documents/Delimitation/DelimitationofParliamentaryAssemblyConstituenciesOrder-2008%28English%29.pdf,31,official_source_derived
11,Machilipatnam,MACHILIPATNAM,NONE,75,Machilipatnam,Machilipatnam,NONE,"Delimitation of Parliamentary and Assembly Constituencies Order, 2008 — Schedule III",https://www.eci.gov.in/Documents/Delimitation/DelimitationofParliamentaryAssemblyConstituenciesOrder-2008%28English%29.pdf,31,official_source_derived
11,Machilipatnam,MACHILIPATNAM,NONE,76,Avanigadda,Avanigadda,NONE,"Delimitation of Parliamentary and Assembly Constituencies Order, 2008 — Schedule III",https://www.eci.gov.in/Documents/Delimitation/DelimitationofParliamentaryAssemblyConstituenciesOrder-2008%28English%29.pdf,31,official_source_derived
11,Machilipatnam,MACHILIPATNAM,NONE,77,Pamarru (SC),Pamarru (SC),SC,"Delimitation of Parliamentary and Assembly Constituencies Order, 2008 — Schedule III",https://www.eci.gov.in/Documents/Delimitation/DelimitationofParliamentaryAssemblyConstituenciesOrder-2008%28English%29.pdf,31,official_source_derived
11,Machilipatnam,MACHILIPATNAM,NONE,78,Penamaluru,Penamaluru,NONE,"Delimitation of Parliamentary and Assembly Constituencies Order, 2008 — Schedule III",https://www.eci.gov.in/Documents/Delimitation/DelimitationofParliamentaryAssemblyConstituenciesOrder-2008%28English%29.pdf,31,official_source_derived
12,Vijayawada,VIJAYAWADA,NONE,69,Tiruvuru (SC),Tiruvuru (SC),SC,"Delimitation of Parliamentary and Assembly Constituencies Order, 2008 — Schedule III",https://www.eci.gov.in/Documents/Delimitation/DelimitationofParliamentaryAssemblyConstituenciesOrder-2008%28English%29.pdf,31,official_source_derived
12,Vijayawada,VIJAYAWADA,NONE,79,Vijayawada West,Vijayawada West,NONE,"Delimitation of Parliamentary and Assembly Constituencies Order, 2008 — Schedule III",https://www.eci.gov.in/Documents/Delimitation/DelimitationofParliamentaryAssemblyConstituenciesOrder-2008%28English%29.pdf,31,official_source_derived
12,Vijayawada,VIJAYAWADA,NONE,80,Vijayawada Central,Vijayawada Central,NONE,"Delimitation of Parliamentary and Assembly Constituencies Order, 2008 — Schedule III",https://www.eci.gov.in/Documents/Delimitation/DelimitationofParliamentaryAssemblyConstituenciesOrder-2008%28English%29.pdf,31,official_source_derived
12,Vijayawada,VIJAYAWADA,NONE,81,Vijayawada East,Vijayawada East,NONE,"Delimitation of Parliamentary and Assembly Constituencies Order, 2008 — Schedule III",https://www.eci.gov.in/Documents/Delimitation/DelimitationofParliamentaryAssemblyConstituenciesOrder-2008%28English%29.pdf,31,official_source_derived
12,Vijayawada,VIJAYAWADA,NONE,82,Mylavaram,Mylavaram,NONE,"Delimitation of Parliamentary and Assembly Constituencies Order, 2008 — Schedule III",https://www.eci.gov.in/Documents/Delimitation/DelimitationofParliamentaryAssemblyConstituenciesOrder-2008%28English%29.pdf,31,official_source_derived
12,Vijayawada,VIJAYAWADA,NONE,83,Nandigama (SC),Nandigama (SC),SC,"Delimitation of Parliamentary and Assembly Constituencies Order, 2008 — Schedule III",https://www.eci.gov.in/Documents/Delimitation/DelimitationofParliamentaryAssemblyConstituenciesOrder-2008%28English%29.pdf,31,official_source_derived
12,Vijayawada,VIJAYAWADA,NONE,84,Jaggayyapeta,Jaggayyapeta,NONE,"Delimitation of Parliamentary and Assembly Constituencies Order, 2008 — Schedule III",https://www.eci.gov.in/Documents/Delimitation/DelimitationofParliamentaryAssemblyConstituenciesOrder-2008%28English%29.pdf,31,official_source_derived
13,Guntur,GUNTUR,NONE,85,Pedakurapadu,Pedakurapadu,NONE,"Delimitation of Parliamentary and Assembly Constituencies Order, 2008 — Schedule III",https://www.eci.gov.in/Documents/Delimitation/DelimitationofParliamentaryAssemblyConstituenciesOrder-2008%28English%29.pdf,31,official_source_derived
13,Guntur,GUNTUR,NONE,86,Tadikonda (SC),Tadikonda (SC),SC,"Delimitation of Parliamentary and Assembly Constituencies Order, 2008 — Schedule III",https://www.eci.gov.in/Documents/Delimitation/DelimitationofParliamentaryAssemblyConstituenciesOrder-2008%28English%29.pdf,31,official_source_derived
13,Guntur,GUNTUR,NONE,87,Mangalagiri,Mangalagiri,NONE,"Delimitation of Parliamentary and Assembly Constituencies Order, 2008 — Schedule III",https://www.eci.gov.in/Documents/Delimitation/DelimitationofParliamentaryAssemblyConstituenciesOrder-2008%28English%29.pdf,31,official_source_derived
13,Guntur,GUNTUR,NONE,88,Ponnuru,Ponnuru,NONE,"Delimitation of Parliamentary and Assembly Constituencies Order, 2008 — Schedule III",https://www.eci.gov.in/Documents/Delimitation/DelimitationofParliamentaryAssemblyConstituenciesOrder-2008%28English%29.pdf,31,official_source_derived
13,Guntur,GUNTUR,NONE,91,Tenali,Tenali,NONE,"Delimitation of Parliamentary and Assembly Constituencies Order, 2008 — Schedule III",https://www.eci.gov.in/Documents/Delimitation/DelimitationofParliamentaryAssemblyConstituenciesOrder-2008%28English%29.pdf,31,official_source_derived
13,Guntur,GUNTUR,NONE,93,Prathipadu (SC),Prathipadu (SC),SC,"Andhra Pradesh Reorganisation Act, 2014 — Second Schedule, Table B",https://upload.indiacode.nic.in/showfile?actid=AC_CEN_5_5_00058_201406_1517807327989&filename=201406.pdf&type=actfile,41,official_source_derived
13,Guntur,GUNTUR,NONE,94,Guntur West,Guntur West,NONE,"Delimitation of Parliamentary and Assembly Constituencies Order, 2008 — Schedule III",https://www.eci.gov.in/Documents/Delimitation/DelimitationofParliamentaryAssemblyConstituenciesOrder-2008%28English%29.pdf,31,official_source_derived
13,Guntur,GUNTUR,NONE,95,Guntur East,Guntur East,NONE,"Delimitation of Parliamentary and Assembly Constituencies Order, 2008 — Schedule III",https://www.eci.gov.in/Documents/Delimitation/DelimitationofParliamentaryAssemblyConstituenciesOrder-2008%28English%29.pdf,31,official_source_derived
14,Narasaraopet,NARASARAOPET,NONE,96,Chilakaluripet,Chilakaluripet,NONE,"Delimitation of Parliamentary and Assembly Constituencies Order, 2008 — Schedule III",https://www.eci.gov.in/Documents/Delimitation/DelimitationofParliamentaryAssemblyConstituenciesOrder-2008%28English%29.pdf,31,official_source_derived
14,Narasaraopet,NARASARAOPET,NONE,97,Narasaraopet,Narasaraopet,NONE,"Delimitation of Parliamentary and Assembly Constituencies Order, 2008 — Schedule III",https://www.eci.gov.in/Documents/Delimitation/DelimitationofParliamentaryAssemblyConstituenciesOrder-2008%28English%29.pdf,31,official_source_derived
14,Narasaraopet,NARASARAOPET,NONE,98,Sattenapalle,Sattenapalle,NONE,"Delimitation of Parliamentary and Assembly Constituencies Order, 2008 — Schedule III",https://www.eci.gov.in/Documents/Delimitation/DelimitationofParliamentaryAssemblyConstituenciesOrder-2008%28English%29.pdf,31,official_source_derived
14,Narasaraopet,NARASARAOPET,NONE,99,Vinukonda,Vinukonda,NONE,"Delimitation of Parliamentary and Assembly Constituencies Order, 2008 — Schedule III",https://www.eci.gov.in/Documents/Delimitation/DelimitationofParliamentaryAssemblyConstituenciesOrder-2008%28English%29.pdf,31,official_source_derived
14,Narasaraopet,NARASARAOPET,NONE,100,Gurajala,Gurajala,NONE,"Delimitation of Parliamentary and Assembly Constituencies Order, 2008 — Schedule III",https://www.eci.gov.in/Documents/Delimitation/DelimitationofParliamentaryAssemblyConstituenciesOrder-2008%28English%29.pdf,31,official_source_derived
14,Narasaraopet,NARASARAOPET,NONE,101,Macherla,Macherla,NONE,"Delimitation of Parliamentary and Assembly Constituencies Order, 2008 — Schedule III",https://www.eci.gov.in/Documents/Delimitation/DelimitationofParliamentaryAssemblyConstituenciesOrder-2008%28English%29.pdf,31,official_source_derived
15,Bapatla,BAPATLA,SC,89,Vemuru (SC),Vemuru (SC),SC,"Delimitation of Parliamentary and Assembly Constituencies Order, 2008 — Schedule III",https://www.eci.gov.in/Documents/Delimitation/DelimitationofParliamentaryAssemblyConstituenciesOrder-2008%28English%29.pdf,31,official_source_derived
15,Bapatla,BAPATLA,SC,90,Repalle,Repalle,NONE,"Delimitation of Parliamentary and Assembly Constituencies Order, 2008 — Schedule III",https://www.eci.gov.in/Documents/Delimitation/DelimitationofParliamentaryAssemblyConstituenciesOrder-2008%28English%29.pdf,31,official_source_derived
15,Bapatla,BAPATLA,SC,92,Bapatla,Bapatla,NONE,"Delimitation of Parliamentary and Assembly Constituencies Order, 2008 — Schedule III",https://www.eci.gov.in/Documents/Delimitation/DelimitationofParliamentaryAssemblyConstituenciesOrder-2008%28English%29.pdf,31,official_source_derived
15,Bapatla,BAPATLA,SC,104,Parchur,Parchur,NONE,"Delimitation of Parliamentary and Assembly Constituencies Order, 2008 — Schedule III",https://www.eci.gov.in/Documents/Delimitation/DelimitationofParliamentaryAssemblyConstituenciesOrder-2008%28English%29.pdf,31,official_source_derived
15,Bapatla,BAPATLA,SC,105,Addanki,Addanki,NONE,"Delimitation of Parliamentary and Assembly Constituencies Order, 2008 — Schedule III",https://www.eci.gov.in/Documents/Delimitation/DelimitationofParliamentaryAssemblyConstituenciesOrder-2008%28English%29.pdf,31,official_source_derived
15,Bapatla,BAPATLA,SC,106,Chirala,Chirala,NONE,"Delimitation of Parliamentary and Assembly Constituencies Order, 2008 — Schedule III",https://www.eci.gov.in/Documents/Delimitation/DelimitationofParliamentaryAssemblyConstituenciesOrder-2008%28English%29.pdf,31,official_source_derived
15,Bapatla,BAPATLA,SC,107,Santhanuthalapadu (SC),Santhanuthalapadu (SC),SC,"Delimitation of Parliamentary and Assembly Constituencies Order, 2008 — Schedule III",https://www.eci.gov.in/Documents/Delimitation/DelimitationofParliamentaryAssemblyConstituenciesOrder-2008%28English%29.pdf,31,official_source_derived
16,Ongole,ONGOLE,NONE,102,Yerragondapalem (SC),Yerragondapalem (SC),SC,"Delimitation of Parliamentary and Assembly Constituencies Order, 2008 — Schedule III",https://www.eci.gov.in/Documents/Delimitation/DelimitationofParliamentaryAssemblyConstituenciesOrder-2008%28English%29.pdf,31,official_source_derived
16,Ongole,ONGOLE,NONE,103,Darsi,Darsi,NONE,"Delimitation of Parliamentary and Assembly Constituencies Order, 2008 — Schedule III",https://www.eci.gov.in/Documents/Delimitation/DelimitationofParliamentaryAssemblyConstituenciesOrder-2008%28English%29.pdf,31,official_source_derived
16,Ongole,ONGOLE,NONE,108,Ongole,Ongole,NONE,"Delimitation of Parliamentary and Assembly Constituencies Order, 2008 — Schedule III",https://www.eci.gov.in/Documents/Delimitation/DelimitationofParliamentaryAssemblyConstituenciesOrder-2008%28English%29.pdf,31,official_source_derived
16,Ongole,ONGOLE,NONE,110,Kondapi (SC),Kondapi (SC),SC,"Delimitation of Parliamentary and Assembly Constituencies Order, 2008 — Schedule III",https://www.eci.gov.in/Documents/Delimitation/DelimitationofParliamentaryAssemblyConstituenciesOrder-2008%28English%29.pdf,31,official_source_derived
16,Ongole,ONGOLE,NONE,111,Markapuram,Markapuram,NONE,"Delimitation of Parliamentary and Assembly Constituencies Order, 2008 — Schedule III",https://www.eci.gov.in/Documents/Delimitation/DelimitationofParliamentaryAssemblyConstituenciesOrder-2008%28English%29.pdf,31,official_source_derived
16,Ongole,ONGOLE,NONE,112,Giddalur,Giddalur,NONE,"Delimitation of Parliamentary and Assembly Constituencies Order, 2008 — Schedule III",https://www.eci.gov.in/Documents/Delimitation/DelimitationofParliamentaryAssemblyConstituenciesOrder-2008%28English%29.pdf,31,official_source_derived
16,Ongole,ONGOLE,NONE,113,Kanigiri,Kanigiri,NONE,"Delimitation of Parliamentary and Assembly Constituencies Order, 2008 — Schedule III",https://www.eci.gov.in/Documents/Delimitation/DelimitationofParliamentaryAssemblyConstituenciesOrder-2008%28English%29.pdf,31,official_source_derived
17,Nandyal,NANDYAL,NONE,134,Allagadda,Allagadda,NONE,"Delimitation of Parliamentary and Assembly Constituencies Order, 2008 — Schedule III",https://www.eci.gov.in/Documents/Delimitation/DelimitationofParliamentaryAssemblyConstituenciesOrder-2008%28English%29.pdf,31,official_source_derived
17,Nandyal,NANDYAL,NONE,135,Srisailam,Srisailam,NONE,"Delimitation of Parliamentary and Assembly Constituencies Order, 2008 — Schedule III",https://www.eci.gov.in/Documents/Delimitation/DelimitationofParliamentaryAssemblyConstituenciesOrder-2008%28English%29.pdf,31,official_source_derived
17,Nandyal,NANDYAL,NONE,136,Nandikotkur (SC),Nandikotkur (SC),SC,"Delimitation of Parliamentary and Assembly Constituencies Order, 2008 — Schedule III",https://www.eci.gov.in/Documents/Delimitation/DelimitationofParliamentaryAssemblyConstituenciesOrder-2008%28English%29.pdf,31,official_source_derived
17,Nandyal,NANDYAL,NONE,138,Panyam,Panyam,NONE,"Delimitation of Parliamentary and Assembly Constituencies Order, 2008 — Schedule III",https://www.eci.gov.in/Documents/Delimitation/DelimitationofParliamentaryAssemblyConstituenciesOrder-2008%28English%29.pdf,31,official_source_derived
17,Nandyal,NANDYAL,NONE,139,Nandyal,Nandyal,NONE,"Delimitation of Parliamentary and Assembly Constituencies Order, 2008 — Schedule III",https://www.eci.gov.in/Documents/Delimitation/DelimitationofParliamentaryAssemblyConstituenciesOrder-2008%28English%29.pdf,31,official_source_derived
17,Nandyal,NANDYAL,NONE,140,Banaganapalle,Banaganapalle,NONE,"Delimitation of Parliamentary and Assembly Constituencies Order, 2008 — Schedule III",https://www.eci.gov.in/Documents/Delimitation/DelimitationofParliamentaryAssemblyConstituenciesOrder-2008%28English%29.pdf,31,official_source_derived
17,Nandyal,NANDYAL,NONE,141,Dhone,Dhone,NONE,"Delimitation of Parliamentary and Assembly Constituencies Order, 2008 — Schedule III",https://www.eci.gov.in/Documents/Delimitation/DelimitationofParliamentaryAssemblyConstituenciesOrder-2008%28English%29.pdf,31,official_source_derived
18,Kurnool,KURNOOL,NONE,137,Kurnool,Kurnool,NONE,"Delimitation of Parliamentary and Assembly Constituencies Order, 2008 — Schedule III",https://www.eci.gov.in/Documents/Delimitation/DelimitationofParliamentaryAssemblyConstituenciesOrder-2008%28English%29.pdf,31,official_source_derived
18,Kurnool,KURNOOL,NONE,142,Pattikonda,Pattikonda,NONE,"Delimitation of Parliamentary and Assembly Constituencies Order, 2008 — Schedule III",https://www.eci.gov.in/Documents/Delimitation/DelimitationofParliamentaryAssemblyConstituenciesOrder-2008%28English%29.pdf,31,official_source_derived
18,Kurnool,KURNOOL,NONE,143,Kodumur (SC),Kodumur (SC),SC,"Delimitation of Parliamentary and Assembly Constituencies Order, 2008 — Schedule III",https://www.eci.gov.in/Documents/Delimitation/DelimitationofParliamentaryAssemblyConstituenciesOrder-2008%28English%29.pdf,31,official_source_derived
18,Kurnool,KURNOOL,NONE,144,Yemmiganur,Yemmiganur,NONE,"Delimitation of Parliamentary and Assembly Constituencies Order, 2008 — Schedule III",https://www.eci.gov.in/Documents/Delimitation/DelimitationofParliamentaryAssemblyConstituenciesOrder-2008%28English%29.pdf,31,official_source_derived
18,Kurnool,KURNOOL,NONE,145,Mantralayam,Mantralayam,NONE,"Delimitation of Parliamentary and Assembly Constituencies Order, 2008 — Schedule III",https://www.eci.gov.in/Documents/Delimitation/DelimitationofParliamentaryAssemblyConstituenciesOrder-2008%28English%29.pdf,31,official_source_derived
18,Kurnool,KURNOOL,NONE,146,Adoni,Adoni,NONE,"Delimitation of Parliamentary and Assembly Constituencies Order, 2008 — Schedule III",https://www.eci.gov.in/Documents/Delimitation/DelimitationofParliamentaryAssemblyConstituenciesOrder-2008%28English%29.pdf,31,official_source_derived
18,Kurnool,KURNOOL,NONE,147,Alur,Alur,NONE,"Delimitation of Parliamentary and Assembly Constituencies Order, 2008 — Schedule III",https://www.eci.gov.in/Documents/Delimitation/DelimitationofParliamentaryAssemblyConstituenciesOrder-2008%28English%29.pdf,31,official_source_derived
19,Anantapur,ANANTAPUR,NONE,148,Rayadurg,Rayadurg,NONE,"Delimitation of Parliamentary and Assembly Constituencies Order, 2008 — Schedule III",https://www.eci.gov.in/Documents/Delimitation/DelimitationofParliamentaryAssemblyConstituenciesOrder-2008%28English%29.pdf,31,official_source_derived
19,Anantapur,ANANTAPUR,NONE,149,Uravakonda,Uravakonda,NONE,"Delimitation of Parliamentary and Assembly Constituencies Order, 2008 — Schedule III",https://www.eci.gov.in/Documents/Delimitation/DelimitationofParliamentaryAssemblyConstituenciesOrder-2008%28English%29.pdf,31,official_source_derived
19,Anantapur,ANANTAPUR,NONE,150,Guntakal,Guntakal,NONE,"Delimitation of Parliamentary and Assembly Constituencies Order, 2008 — Schedule III",https://www.eci.gov.in/Documents/Delimitation/DelimitationofParliamentaryAssemblyConstituenciesOrder-2008%28English%29.pdf,31,official_source_derived
19,Anantapur,ANANTAPUR,NONE,151,Tadpatri,Tadpatri,NONE,"Delimitation of Parliamentary and Assembly Constituencies Order, 2008 — Schedule III",https://www.eci.gov.in/Documents/Delimitation/DelimitationofParliamentaryAssemblyConstituenciesOrder-2008%28English%29.pdf,31,official_source_derived
19,Anantapur,ANANTAPUR,NONE,152,Singanamala (SC),Singanamala (SC),SC,"Delimitation of Parliamentary and Assembly Constituencies Order, 2008 — Schedule III",https://www.eci.gov.in/Documents/Delimitation/DelimitationofParliamentaryAssemblyConstituenciesOrder-2008%28English%29.pdf,31,official_source_derived
19,Anantapur,ANANTAPUR,NONE,153,Anantapur Urban,Anantapur Urban,NONE,"Delimitation of Parliamentary and Assembly Constituencies Order, 2008 — Schedule III",https://www.eci.gov.in/Documents/Delimitation/DelimitationofParliamentaryAssemblyConstituenciesOrder-2008%28English%29.pdf,31,official_source_derived
19,Anantapur,ANANTAPUR,NONE,154,Kalyandurg,Kalyandurg,NONE,"Delimitation of Parliamentary and Assembly Constituencies Order, 2008 — Schedule III",https://www.eci.gov.in/Documents/Delimitation/DelimitationofParliamentaryAssemblyConstituenciesOrder-2008%28English%29.pdf,31,official_source_derived
20,Hindupur,HINDUPUR,NONE,155,Raptadu,Raptadu,NONE,"Delimitation of Parliamentary and Assembly Constituencies Order, 2008 — Schedule III",https://www.eci.gov.in/Documents/Delimitation/DelimitationofParliamentaryAssemblyConstituenciesOrder-2008%28English%29.pdf,31,official_source_derived
20,Hindupur,HINDUPUR,NONE,156,Madakasira (SC),Madakasira (SC),SC,"Delimitation of Parliamentary and Assembly Constituencies Order, 2008 — Schedule III",https://www.eci.gov.in/Documents/Delimitation/DelimitationofParliamentaryAssemblyConstituenciesOrder-2008%28English%29.pdf,31,official_source_derived
20,Hindupur,HINDUPUR,NONE,157,Hindupur,Hindupur,NONE,"Delimitation of Parliamentary and Assembly Constituencies Order, 2008 — Schedule III",https://www.eci.gov.in/Documents/Delimitation/DelimitationofParliamentaryAssemblyConstituenciesOrder-2008%28English%29.pdf,31,official_source_derived
20,Hindupur,HINDUPUR,NONE,158,Penukonda,Penukonda,NONE,"Delimitation of Parliamentary and Assembly Constituencies Order, 2008 — Schedule III",https://www.eci.gov.in/Documents/Delimitation/DelimitationofParliamentaryAssemblyConstituenciesOrder-2008%28English%29.pdf,31,official_source_derived
20,Hindupur,HINDUPUR,NONE,159,Puttaparthi,Puttaparthi,NONE,"Delimitation of Parliamentary and Assembly Constituencies Order, 2008 — Schedule III",https://www.eci.gov.in/Documents/Delimitation/DelimitationofParliamentaryAssemblyConstituenciesOrder-2008%28English%29.pdf,31,official_source_derived
20,Hindupur,HINDUPUR,NONE,160,Dharmavaram,Dharmavaram,NONE,"Delimitation of Parliamentary and Assembly Constituencies Order, 2008 — Schedule III",https://www.eci.gov.in/Documents/Delimitation/DelimitationofParliamentaryAssemblyConstituenciesOrder-2008%28English%29.pdf,31,official_source_derived
20,Hindupur,HINDUPUR,NONE,161,Kadiri,Kadiri,NONE,"Delimitation of Parliamentary and Assembly Constituencies Order, 2008 — Schedule III",https://www.eci.gov.in/Documents/Delimitation/DelimitationofParliamentaryAssemblyConstituenciesOrder-2008%28English%29.pdf,31,official_source_derived
21,Kadapa,KADAPA,NONE,124,Badvel (SC),Badvel (SC),SC,"Delimitation of Parliamentary andAssembly Constituencies Order, 2008 — Schedule III",https://www.eci.gov.in/Documents/Delimitation/DelimitationofParliamentaryAssemblyConstituenciesOrder-2008%28English%29.pdf,31,official_source_derived
21,Kadapa,KADAPA,NONE,126,Kadapa,Kadapa,NONE,"Delimitation of Parliamentary and Assembly Constituencies Order, 2008 — Schedule III",https://www.eci.gov.in/Documents/Delimitation/DelimitationofParliamentaryAssemblyConstituenciesOrder-2008%28English%29.pdf,31,official_source_derived
21,Kadapa,KADAPA,NONE,129,Pulivendla,Pulivendla,NONE,"Delimitation of Parliamentary and Assembly Constituencies Order, 2008 — Schedule III",https://www.eci.gov.in/Documents/Delimitation/DelimitationofParliamentaryAssemblyConstituenciesOrder-2008%28English%29.pdf,31,official_source_derived
21,Kadapa,KADAPA,NONE,130,Kamalapuram,Kamalapuram,NONE,"Delimitation of Parliamentary and Assembly Constituencies Order, 2008 — Schedule III",https://www.eci.gov.in/Documents/Delimitation/DelimitationofParliamentaryAssemblyConstituenciesOrder-2008%28English%29.pdf,31,official_source_derived
21,Kadapa,KADAPA,NONE,131,Jammalamadugu,Jammalamadugu,NONE,"Delimitation of Parliamentary and Assembly Constituencies Order, 2008 — Schedule III",https://www.eci.gov.in/Documents/Delimitation/DelimitationofParliamentaryAssemblyConstituenciesOrder-2008%28English%29.pdf,31,official_source_derived
21,Kadapa,KADAPA,NONE,132,Proddatur,Proddatur,NONE,"Delimitation of Parliamentary and Assembly Constituencies Order, 2008 — Schedule III",https://www.eci.gov.in/Documents/Delimitation/DelimitationofParliamentaryAssemblyConstituenciesOrder-2008%28English%29.pdf,31,official_source_derived
21,Kadapa,KADAPA,NONE,133,Mydukur,Mydukur,NONE,"Delimitation of Parliamentary and Assembly Constituencies Order, 2008 — Schedule III",https://www.eci.gov.in/Documents/Delimitation/DelimitationofParliamentaryAssemblyConstituenciesOrder-2008%28English%29.pdf,31,official_source_derived
22,Nellore,NELLORE,NONE,109,Kandukur,Kandukur,NONE,"Delimitation of Parliamentary and Assembly Constituencies Order, 2008 — Schedule III",https://www.eci.gov.in/Documents/Delimitation/DelimitationofParliamentaryAssemblyConstituenciesOrder-2008%28English%29.pdf,31,official_source_derived
22,Nellore,NELLORE,NONE,114,Kavali,Kavali,NONE,"Delimitation of Parliamentary and Assembly Constituencies Order, 2008 — Schedule III",https://www.eci.gov.in/Documents/Delimitation/DelimitationofParliamentaryAssemblyConstituenciesOrder-2008%28English%29.pdf,31,official_source_derived
22,Nellore,NELLORE,NONE,115,Atmakur,Atmakur,NONE,"Delimitation of Parliamentary and Assembly Constituencies Order, 2008 — Schedule III",https://www.eci.gov.in/Documents/Delimitation/DelimitationofParliamentaryAssemblyConstituenciesOrder-2008%28English%29.pdf,31,official_source_derived
22,Nellore,NELLORE,NONE,116,Kovur,Kovur,NONE,"Delimitation of Parliamentary and Assembly Constituencies Order, 2008 — Schedule III",https://www.eci.gov.in/Documents/Delimitation/DelimitationofParliamentaryAssemblyConstituenciesOrder-2008%28English%29.pdf,31,official_source_derived
22,Nellore,NELLORE,NONE,117,Nellore City,Nellore City,NONE,"Delimitation of Parliamentary and Assembly Constituencies Order, 2008 — Schedule III",https://www.eci.gov.in/Documents/Delimitation/DelimitationofParliamentaryAssemblyConstituenciesOrder-2008%28English%29.pdf,31,official_source_derived
22,Nellore,NELLORE,NONE,118,Nellore Rural,Nellore Rural,NONE,"Delimitation of Parliamentary and Assembly Constituencies Order, 2008 — Schedule III",https://www.eci.gov.in/Documents/Delimitation/DelimitationofParliamentaryAssemblyConstituenciesOrder-2008%28English%29.pdf,31,official_source_derived
22,Nellore,NELLORE,NONE,123,Udayagiri,Udayagiri,NONE,"Delimitation of Parliamentary and Assembly Constituencies Order, 2008 — Schedule III",https://www.eci.gov.in/Documents/Delimitation/DelimitationofParliamentaryAssemblyConstituenciesOrder-2008%28English%29.pdf,31,official_source_derived
23,Tirupati,TIRUPATI,SC,119,Sarvepalli,Sarvepalli,NONE,"Delimitation of Parliamentary and Assembly Constituencies Order, 2008 — Schedule III",https://www.eci.gov.in/Documents/Delimitation/DelimitationofParliamentaryAssemblyConstituenciesOrder-2008%28English%29.pdf,31,official_source_derived
23,Tirupati,TIRUPATI,SC,120,Gudur (SC),Gudur (SC),SC,"Delimitation of Parliamentary and Assembly Constituencies Order, 2008 — Schedule III",https://www.eci.gov.in/Documents/Delimitation/DelimitationofParliamentaryAssemblyConstituenciesOrder-2008%28English%29.pdf,31,official_source_derived
23,Tirupati,TIRUPATI,SC,121,Sullurpeta (SC),Sullurpeta (SC),SC,"Delimitation of Parliamentary and Assembly Constituencies Order, 2008 — Schedule III",https://www.eci.gov.in/Documents/Delimitation/DelimitationofParliamentaryAssemblyConstituenciesOrder-2008%28English%29.pdf,31,official_source_derived
23,Tirupati,TIRUPATI,SC,122,Venkatagiri,Venkatagiri,NONE,"Delimitation of Parliamentary and Assembly Constituencies Order, 2008 — Schedule III",https://www.eci.gov.in/Documents/Delimitation/DelimitationofParliamentaryAssemblyConstituenciesOrder-2008%28English%29.pdf,31,official_source_derived
23,Tirupati,TIRUPATI,SC,167,Tirupati,Tirupati,NONE,"Delimitation of Parliamentary and Assembly Constituencies Order, 2008 — Schedule III",https://www.eci.gov.in/Documents/Delimitation/DelimitationofParliamentaryAssemblyConstituenciesOrder-2008%28English%29.pdf,31,official_source_derived
23,Tirupati,TIRUPATI,SC,168,Srikalahasti,Srikalahasti,NONE,"Delimitation of Parliamentary and Assembly Constituencies Order, 2008 — Schedule III",https://www.eci.gov.in/Documents/Delimitation/DelimitationofParliamentaryAssemblyConstituenciesOrder-2008%28English%29.pdf,31,official_source_derived
23,Tirupati,TIRUPATI,SC,169,Satyavedu (SC),Satyavedu (SC),SC,"Delimitation of Parliamentary and Assembly Constituencies Order, 2008 — Schedule III",https://www.eci.gov.in/Documents/Delimitation/DelimitationofParliamentaryAssemblyConstituenciesOrder-2008%28English%29.pdf,31,official_source_derived
24,Rajampet,RAJAMPET,NONE,125,Rajampet,Rajampet,NONE,"Delimitation of Parliamentary and Assembly Constituencies Order, 2008 — Schedule III",https://www.eci.gov.in/Documents/Delimitation/DelimitationofParliamentaryAssemblyConstituenciesOrder-2008%28English%29.pdf,31,official_source_derived
24,Rajampet,RAJAMPET,NONE,127,Kodur (SC),Kodur (SC),SC,"Delimitation of Parliamentary and Assembly Constituencies Order, 2008 — Schedule III",https://www.eci.gov.in/Documents/Delimitation/DelimitationofParliamentaryAssemblyConstituenciesOrder-2008%28English%29.pdf,31,official_source_derived
24,Rajampet,RAJAMPET,NONE,128,Rayachoti,Rayachoti,NONE,"Delimitation of Parliamentary and Assembly Constituencies Order, 2008 — Schedule III",https://www.eci.gov.in/Documents/Delimitation/DelimitationofParliamentaryAssemblyConstituenciesOrder-2008%28English%29.pdf,31,official_source_derived
24,Rajampet,RAJAMPET,NONE,162,Thamballapalle,Thamballapalle,NONE,"Delimitation of Parliamentary and Assembly Constituencies Order, 2008 — Schedule III",https://www.eci.gov.in/Documents/Delimitation/DelimitationofParliamentaryAssemblyConstituenciesOrder-2008%28English%29.pdf,31,official_source_derived
24,Rajampet,RAJAMPET,NONE,163,Pileru,Pileru,NONE,"Delimitation of Parliamentary and Assembly Constituencies Order, 2008 — Schedule III",https://www.eci.gov.in/Documents/Delimitation/DelimitationofParliamentaryAssemblyConstituenciesOrder-2008%28English%29.pdf,31,official_source_derived
24,Rajampet,RAJAMPET,NONE,164,Madanapalle,Madanapalle,NONE,"Delimitation of Parliamentary and Assembly Constituencies Order, 2008 — Schedule III",https://www.eci.gov.in/Documents/Delimitation/DelimitationofParliamentaryAssemblyConstituenciesOrder-2008%28English%29.pdf,31,official_source_derived
24,Rajampet,RAJAMPET,NONE,165,Punganur,Punganur,NONE,"Delimitation of Parliamentary and Assembly Constituencies Order, 2008 — Schedule III",https://www.eci.gov.in/Documents/Delimitation/DelimitationofParliamentaryAssemblyConstituenciesOrder-2008%28English%29.pdf,31,official_source_derived
25,Chittoor,CHITTOOR,SC,166,Chandragiri,Chandragiri,NONE,"Delimitation of Parliamentary and Assembly Constituencies Order, 2008 — Schedule III",https://www.eci.gov.in/Documents/Delimitation/DelimitationofParliamentaryAssemblyConstituenciesOrder-2008%28English%29.pdf,32,official_source_derived
25,Chittoor,CHITTOOR,SC,170,Nagari,Nagari,NONE,"Delimitation of Parliamentary and Assembly Constituencies Order, 2008 — Schedule III",https://www.eci.gov.in/Documents/Delimitation/DelimitationofParliamentaryAssemblyConstituenciesOrder-2008%28English%29.pdf,32,official_source_derived
25,Chittoor,CHITTOOR,SC,171,Gangadhara Nellore (SC),Gangadhara Nellore (SC),SC,"Delimitation of Parliamentary and Assembly Constituencies Order, 2008 — Schedule III",https://www.eci.gov.in/Documents/Delimitation/DelimitationofParliamentaryAssemblyConstituenciesOrder-2008%28English%29.pdf,32,official_source_derived
25,Chittoor,CHITTOOR,SC,172,Chittoor,Chittoor,NONE,"Delimitation of Parliamentary and Assembly Constituencies Order, 2008 — Schedule III",https://www.eci.gov.in/Documents/Delimitation/DelimitationofParliamentaryAssemblyConstituenciesOrder-2008%28English%29.pdf,32,official_source_derived
25,Chittoor,CHITTOOR,SC,173,Puthalapattu (SC),Puthalapattu (SC),SC,"Delimitation of Parliamentary and Assembly Constituencies Order, 2008 — Schedule III",https://www.eci.gov.in/Documents/Delimitation/DelimitationofParliamentaryAssemblyConstituenciesOrder-2008%28English%29.pdf,32,official_source_derived
25,Chittoor,CHITTOOR,SC,174,Palamaner,Palamaner,NONE,"Delimitation of Parliamentary and Assembly Constituencies Order, 2008 — Schedule III",https://www.eci.gov.in/Documents/Delimitation/DelimitationofParliamentaryAssemblyConstituenciesOrder-2008%28English%29.pdf,32,official_source_derived
25,Chittoor,CHITTOOR,SC,175,Kuppam,Kuppam,NONE,"Delimitation of Parliamentary and Assembly Constituencies Order, 2008 — Schedule III",https://www.eci.gov.in/Documents/Delimitation/DelimitationofParliamentaryAssemblyConstituenciesOrder-2008%28English%29.pdf,32,official_source_derived

